zzuf_testcases/_usr_bin_apt-mark:10208	-1
zzuf_testcases/_usr_bin_vmtoolsd:58614	-1
zzuf_testcases/_usr_bin_oggenc:61966	-1
zzuf_testcases/_usr_bin_gcc-4.8:8832	-1
zzuf_testcases/_usr_bin_ld.gold:56074	-1
zzuf_testcases/_usr_bin_file:27247	-1
zzuf_testcases/_usr_bin_tic:30664	-1
zzuf_testcases/_usr_bin_ginstall-info:29976	-1
zzuf_testcases/_usr_bin_shred:4805	-1
zzuf_testcases/_usr_bin_expand:22679	-1
zzuf_testcases/_usr_bin_tic:31329	-1
zzuf_testcases/_usr_bin_gvmap:35526	-1
zzuf_testcases/_usr_bin_dpkg-deb:48130	-1
zzuf_testcases/_usr_bin_localedef:28473	-1
zzuf_testcases/_usr_bin_pdfinfo:6390	-1
zzuf_testcases/_usr_bin_codepage:41410	-1
zzuf_testcases/_usr_bin_make:51661	-1
zzuf_testcases/_usr_bin_du:11347	-1
zzuf_testcases/_usr_bin_codepage:41683	-1
zzuf_testcases/_usr_bin_pnmcolormap:17253	-1
zzuf_testcases/_usr_bin_pnmcolormap:17004	-1
zzuf_testcases/_usr_bin_expand:22498	-1
zzuf_testcases/_usr_bin_apt-sortpkgs:23488	-1
zzuf_testcases/_usr_bin_pdfinfo:6966	-1
zzuf_testcases/_usr_bin_sha256sum:666	-1
zzuf_testcases/_usr_bin_localedef:28516	-1
zzuf_testcases/_usr_bin_strings:40069	-1
zzuf_testcases/_usr_bin_palmtopnm:28238	-1
zzuf_testcases/_usr_bin_gcc-4.8:8474	-1
zzuf_testcases/_usr_bin_pdfimages:37529	-1
zzuf_testcases/_usr_bin_ld.gold:56026	-1
zzuf_testcases/_usr_bin_gcc-4.8:8683	-1
zzuf_testcases/_usr_bin_grub-file:59552	-1
zzuf_testcases/_usr_bin_gv2gml:13743	-1
zzuf_testcases/_usr_bin_ppmntsc:52639	-1
zzuf_testcases/_usr_bin_localedef:29069	-1
zzuf_testcases/_usr_bin_tic:30694	-1
zzuf_testcases/_usr_bin_tic:30805	-1
zzuf_testcases/_usr_bin_make:51640	-1
zzuf_testcases/_usr_bin_pgrep:64222	-1
zzuf_testcases/_usr_bin_gcc-4.8:8244	-1
zzuf_testcases/_usr_bin_grub-mklayout:26525	-1
zzuf_testcases/_usr_bin_file:27634	-1
zzuf_testcases/_usr_bin_apt-get:34014	-1
zzuf_testcases/_usr_bin_pdfimages:37463	-1
zzuf_testcases/_usr_bin_apt-mark:10242	-1
zzuf_testcases/_usr_bin_strings:40571	-1
zzuf_testcases/_usr_bin_dijkstra:51051	-1
zzuf_testcases/_usr_bin_localedef:28749	-1
zzuf_testcases/_usr_bin_lexgrog:54149	-1
zzuf_testcases/_usr_bin_column:30544	-1
zzuf_testcases/_usr_bin_make:51647	-1
zzuf_testcases/_usr_bin_shred:4744	-1
zzuf_testcases/_usr_bin_wget:21598	-1
zzuf_testcases/_usr_bin_md5sum:12419	-1
zzuf_testcases/_usr_bin_pbmtomda:32630	-1
zzuf_testcases/_usr_bin_sort:20803	-1
zzuf_testcases/_usr_bin_gpgsplit:18778	-1
zzuf_testcases/_usr_bin_pgrep:64410	-1
zzuf_testcases/_usr_bin_pdfinfo:6860	-1
zzuf_testcases/_usr_bin_make:52096	-1
zzuf_testcases/_usr_bin_dpkg:30450	-1
zzuf_testcases/_usr_bin_gvmap:35530	-1
zzuf_testcases/_usr_bin_vmtoolsd:58501	-1
zzuf_testcases/_usr_bin_grub-mklayout:26930	-1
zzuf_testcases/_usr_bin_sort:20752	-1
zzuf_testcases/_usr_bin_gcc-4.8:8463	-1
zzuf_testcases/_usr_bin_gcc-4.8:9063	-1
zzuf_testcases/_usr_bin_ld.gold:56785	-1
zzuf_testcases/_usr_bin_tic:31386	-1
zzuf_testcases/_usr_bin_gcc-4.8:8777	-1
zzuf_testcases/_usr_bin_palmtopnm:28187	-1
zzuf_testcases/_usr_bin_pbmtomda:32917	-1
zzuf_testcases/_usr_bin_oggenc:61951	-1
zzuf_testcases/_usr_bin_apt-mark:10152	-1
zzuf_testcases/_usr_bin_make:51895	-1
zzuf_testcases/_usr_bin_tic:30952	-1
zzuf_testcases/_usr_bin_pbmreduce:44738	-1
zzuf_testcases/_usr_bin_localedef:29131	-1
zzuf_testcases/_usr_bin_expand:23007	-1
zzuf_testcases/_usr_bin_localedef:28828	-1
zzuf_testcases/_usr_bin_tic:31529	-1
zzuf_testcases/_usr_bin_rawtopgm:33711	-1
zzuf_testcases/_usr_bin_ld.gold:56547	-1
zzuf_testcases/_usr_bin_sccmap:49928	-1
zzuf_testcases/_usr_bin_gvmap:35704	-1
zzuf_testcases/_usr_bin_ld.gold:56697	-1
zzuf_testcases/_usr_bin_sort:20556	-1
zzuf_testcases/_usr_bin_file:27619	-1
zzuf_testcases/_usr_bin_file:28096	-1
zzuf_testcases/_usr_bin_cpp-4.8:52758	-1
zzuf_testcases/_usr_bin_gv2gml:14051	-1
zzuf_testcases/_usr_bin_head:46204	-1
zzuf_testcases/_usr_bin_sha256sum:164	-1
zzuf_testcases/_usr_bin_localedef:29206	-1
zzuf_testcases/_usr_bin_pmap:34226	-1
zzuf_testcases/_usr_bin_make:52395	-1
zzuf_testcases/_usr_bin_make:52413	-1
zzuf_testcases/_usr_bin_pmap:34169	-1
zzuf_testcases/_usr_bin_pdfinfo:6441	-1
zzuf_testcases/_usr_bin_grub-mount:53427	-1
zzuf_testcases/_usr_bin_localedef:28578	-1
zzuf_testcases/_usr_bin_unexpand:25091	-1
zzuf_testcases/_usr_bin_dpkg-statoverride:17938	-1
zzuf_testcases/_usr_bin_localedef:28974	-1
zzuf_testcases/_usr_bin_oggenc:62874	-1
zzuf_testcases/_usr_bin_ruby1.9.1:2883	-1
zzuf_testcases/_usr_bin_pdffonts:64851	-1
zzuf_testcases/_usr_bin_gvmap:35675	-1
zzuf_testcases/_usr_bin_shred:4152	-1
zzuf_testcases/_usr_bin_tic:31476	-1
zzuf_testcases/_usr_bin_dot:55255	-1
zzuf_testcases/_usr_bin_codepage:41312	-1
zzuf_testcases/_usr_bin_oggenc:62786	-1
zzuf_testcases/_usr_bin_ld.gold:56335	-1
zzuf_testcases/_usr_bin_pnmtotiffcmyk:35315	-1
zzuf_testcases/_usr_bin_pbmreduce:44209	-1
zzuf_testcases/_usr_bin_pbmreduce:44406	-1
zzuf_testcases/_usr_bin_sccmap:49313	-1
zzuf_testcases/_usr_bin_pgmslice:46852	-1
zzuf_testcases/_usr_bin_tee:5568	-1
zzuf_testcases/_usr_bin_strings:39895	-1
zzuf_testcases/_usr_bin_du:11159	-1
zzuf_testcases/_usr_bin_unexpand:25324	-1
zzuf_testcases/_usr_bin_grub-file:59175	-1
zzuf_testcases/_usr_bin_expand:23224	-1
zzuf_testcases/_usr_bin_tic:31286	-1
zzuf_testcases/_usr_bin_wget:21558	-1
zzuf_testcases/_usr_bin_cpp-4.8:52880	-1
zzuf_testcases/_usr_bin_codepage:41381	-1
zzuf_testcases/_usr_bin_grub-file:59400	-1
zzuf_testcases/_usr_bin_tic:31291	-1
zzuf_testcases/_usr_bin_gpgsplit:18890	-1
zzuf_testcases/_usr_bin_sha256sum:221	-1
zzuf_testcases/_usr_bin_vmtoolsd:58737	-1
zzuf_testcases/_usr_bin_gcc-4.8:8905	-1
zzuf_testcases/_usr_bin_sha256sum:21	-1
zzuf_testcases/_usr_bin_expand:22734	-1
zzuf_testcases/_usr_bin_ld.gold:56057	-1
zzuf_testcases/_usr_bin_sha256sum:46	-1
zzuf_testcases/_usr_bin_ld.gold:56715	-1
zzuf_testcases/_usr_bin_cksum:60844	-1
zzuf_testcases/_usr_bin_ld.gold:56045	-1
zzuf_testcases/_usr_bin_sha224sum:9946	-1
zzuf_testcases/_usr_bin_localedef:28409	-1
zzuf_testcases/_usr_bin_gpgsplit:19237	-1
zzuf_testcases/_usr_bin_md5sum:11925	-1
zzuf_testcases/_usr_bin_dpkg-deb:47793	-1
zzuf_testcases/_usr_bin_lexgrog:54516	-1
zzuf_testcases/_usr_bin_pdffonts:64934	-1
zzuf_testcases/_usr_bin_localedef:29232	-1
zzuf_testcases/_usr_bin_tic:31310	-1
zzuf_testcases/_usr_bin_dijkstra:51138	-1
zzuf_testcases/_usr_bin_fc-cat:42633	-1
zzuf_testcases/_usr_bin_localedef:28609	-1
zzuf_testcases/_usr_bin_strings:40813	-1
zzuf_testcases/_usr_bin_pdftotext:2013	-1
zzuf_testcases/_usr_bin_uniq:19825	-1
zzuf_testcases/_usr_bin_pdfinfo:6971	-1
zzuf_testcases/_usr_bin_lav2yuv:39753	-1
zzuf_testcases/_usr_bin_tic:30874	-1
zzuf_testcases/_usr_bin_dpkg-deb:47702	-1
zzuf_testcases/_usr_bin_pgmslice:46347	-1
zzuf_testcases/_usr_bin_expand:22974	-1
zzuf_testcases/_usr_bin_apt-mark:10301	-1
zzuf_testcases/_usr_bin_make:51700	-1
zzuf_testcases/_usr_bin_make:52369	-1
zzuf_testcases/_usr_bin_sha256sum:159	-1
zzuf_testcases/_usr_bin_ruby1.9.1:2194	-1
zzuf_testcases/_usr_bin_ld.gold:56479	-1
zzuf_testcases/_usr_bin_ld.gold:56514	-1
zzuf_testcases/_usr_bin_apt-sortpkgs:23821	-1
zzuf_testcases/_usr_bin_make:52406	-1
zzuf_testcases/_usr_bin_unexpand:25516	-1
zzuf_testcases/_usr_bin_sha224sum:9628	-1
zzuf_testcases/_usr_bin_expand:22482	-1
zzuf_testcases/_usr_bin_gxl2gv:41838	-1
zzuf_testcases/_usr_bin_localedef:28338	-1
zzuf_testcases/_usr_bin_scriptreplay:13347	-1
zzuf_testcases/_usr_bin_column:30612	-1
zzuf_testcases/_usr_bin_gcc-4.8:8306	-1
zzuf_testcases/_usr_bin_localedef:28869	-1
zzuf_testcases/_usr_bin_tic:31566	-1
zzuf_testcases/_usr_bin_dot:55778	-1
zzuf_testcases/_usr_bin_column:30549	-1
zzuf_testcases/_usr_bin_gpgsplit:18650	-1
zzuf_testcases/_usr_bin_unexpand:25517	-1
zzuf_testcases/_usr_bin_tic:31239	-1
zzuf_testcases/_usr_bin_gpgsplit:18834	-1
zzuf_testcases/_usr_bin_make:51941	-1
zzuf_testcases/_usr_bin_pngtopnm:45190	-1
zzuf_testcases/_usr_bin_tic:31073	-1
zzuf_testcases/_usr_bin_gpgsplit:18838	-1
zzuf_testcases/_usr_bin_ld.gold:56007	-1
zzuf_testcases/_usr_bin_pbmtomda:32811	-1
zzuf_testcases/_usr_bin_ld.gold:56315	-1
zzuf_testcases/_usr_bin_apt-sortpkgs:23860	-1
zzuf_testcases/_usr_bin_grub-file:59473	-1
zzuf_testcases/_usr_bin_look:51398	-1
zzuf_testcases/_usr_bin_file:27655	-1
zzuf_testcases/_usr_bin_scriptreplay:13176	-1
zzuf_testcases/_usr_bin_tic:31419	-1
zzuf_testcases/_usr_bin_gcc-4.8:8634	-1
zzuf_testcases/_usr_bin_gcc-4.8:8191	-1
zzuf_testcases/_usr_bin_ld.gold:56737	-1
zzuf_testcases/_usr_bin_localedef:28353	-1
zzuf_testcases/_usr_bin_tic:30731	-1
zzuf_testcases/_usr_bin_gv2gml:13551	-1
zzuf_testcases/_usr_bin_grub-file:59509	-1
zzuf_testcases/_usr_bin_sha224sum:9479	-1
zzuf_testcases/_usr_bin_cpp-4.8:52859	-1
zzuf_testcases/_usr_bin_pdffonts:64996	-1
zzuf_testcases/_usr_bin_sha224sum:9262	-1
zzuf_testcases/_usr_bin_sha256sum:506	-1
zzuf_testcases/_usr_bin_ruby1.9.1:3033	-1
zzuf_testcases/_usr_bin_du:11315	-1
zzuf_testcases/_usr_bin_unexpand:25765	-1
zzuf_testcases/_usr_bin_pdftotext:1257	-1
zzuf_testcases/_usr_bin_localedef:28628	-1
zzuf_testcases/_usr_bin_localedef:28523	-1
zzuf_testcases/_usr_bin_file:27458	-1
zzuf_testcases/_usr_bin_gpgsplit:19249	-1
zzuf_testcases/_usr_bin_gcc-4.8:9049	-1
zzuf_testcases/_usr_bin_pdftotext:1284	-1
zzuf_testcases/_usr_bin_localedef:28339	-1
zzuf_testcases/_usr_bin_md5sum:11896	-1
zzuf_testcases/_usr_bin_sccmap:49355	-1
zzuf_testcases/_usr_bin_fc-validate:63307	-1
zzuf_testcases/_usr_bin_gcc-4.8:8311	-1
zzuf_testcases/_usr_bin_fc-cat:42830	-1
zzuf_testcases/_usr_bin_dwp:60504	-1
zzuf_testcases/_usr_bin_gcc-4.8:9109	-1
zzuf_testcases/_usr_bin_ld.gold:56704	-1
zzuf_testcases/_usr_bin_ld.gold:56367	-1
zzuf_testcases/_usr_bin_sccmap:50026	-1
zzuf_testcases/_usr_bin_localedef:28942	-1
zzuf_testcases/_usr_bin_apt-mark:10425	-1
zzuf_testcases/_usr_bin_metaflac:24838	-1
zzuf_testcases/_usr_bin_make:52403	-1
zzuf_testcases/_usr_bin_localedef:28765	-1
zzuf_testcases/_usr_bin_ld.gold:56689	-1
zzuf_testcases/_usr_bin_gcc-4.8:8256	-1
zzuf_testcases/_usr_bin_make:52293	-1
zzuf_testcases/_usr_bin_tee:5825	-1
zzuf_testcases/_usr_bin_gpgsplit:19221	-1
zzuf_testcases/_usr_bin_localedef:28956	-1
zzuf_testcases/_usr_bin_gpgsplit:19254	-1
zzuf_testcases/_usr_bin_dwp:60628	-1
zzuf_testcases/_usr_bin_make:52033	-1
zzuf_testcases/_usr_bin_ld.gold:56190	-1
zzuf_testcases/_usr_bin_gvpr:34940	-1
zzuf_testcases/_usr_bin_tic:31592	-1
zzuf_testcases/_usr_bin_tic:30680	-1
zzuf_testcases/_usr_bin_yuvcorrect_tune:36488	-1
zzuf_testcases/_usr_bin_apt-sortpkgs:23840	-1
zzuf_testcases/_usr_bin_sha256sum:386	-1
zzuf_testcases/_usr_bin_lsattr:33639	-1
zzuf_testcases/_usr_bin_dpkg-deb:47836	-1
zzuf_testcases/_usr_bin_tic:31369	-1
zzuf_testcases/_usr_bin_localedef:28789	-1
zzuf_testcases/_usr_bin_localedef:28644	-1
zzuf_testcases/_usr_bin_grub-file:59037	-1
zzuf_testcases/_usr_bin_pdfinfo:6434	-1
zzuf_testcases/_usr_bin_md5sum:11851	-1
zzuf_testcases/_usr_bin_tic:31538	-1
zzuf_testcases/_usr_bin_vmtoolsd:58589	-1
zzuf_testcases/_usr_bin_ld.gold:56509	-1
zzuf_testcases/_usr_bin_ld.gold:56087	-1
zzuf_testcases/_usr_bin_pdfinfo:6395	-1
zzuf_testcases/_usr_bin_gawk:5113	-1
zzuf_testcases/_usr_bin_lexgrog:54530	-1
zzuf_testcases/_usr_bin_grub-file:59723	-1
zzuf_testcases/_usr_bin_vmtoolsd:58000	-1
zzuf_testcases/_usr_bin_localedef:29070	-1
zzuf_testcases/_usr_bin_tic:31232	-1
zzuf_testcases/_usr_bin_gcc-4.8:8899	-1
zzuf_testcases/_usr_bin_ld.gold:55881	-1
zzuf_testcases/_usr_bin_dot:55636	-1
zzuf_testcases/_usr_bin_pdfimages:37131	-1
zzuf_testcases/_usr_bin_gcc-4.8:8300	-1
zzuf_testcases/_usr_bin_strings:40444	-1
zzuf_testcases/_usr_bin_gv2gml:13790	-1
zzuf_testcases/_usr_bin_tred:2135	-1
zzuf_testcases/_usr_bin_column:30609	-1
zzuf_testcases/_usr_bin_wget:21600	-1
zzuf_testcases/_usr_bin_ld.gold:55975	-1
zzuf_testcases/_usr_bin_make:51739	-1
zzuf_testcases/_usr_bin_tic:30913	-1
zzuf_testcases/_usr_bin_lexgrog:54798	-1
zzuf_testcases/_usr_bin_gvmap:35802	-1
zzuf_testcases/_usr_bin_localedef:28683	-1
zzuf_testcases/_usr_bin_apt-sortpkgs:23487	-1
zzuf_testcases/_usr_bin_localedef:29250	-1
zzuf_testcases/_usr_bin_apt-sortpkgs:23828	-1
zzuf_testcases/_usr_bin_sort:21106	-1
zzuf_testcases/_usr_bin_gcc-4.8:8684	-1
zzuf_testcases/_usr_bin_gpgsplit:18950	-1
zzuf_testcases/_usr_bin_cpp-4.8:52702	-1
zzuf_testcases/_usr_bin_palmtopnm:28209	-1
zzuf_testcases/_usr_bin_apt-get:33961	-1
zzuf_testcases/_usr_bin_ld.gold:56124	-1
zzuf_testcases/_usr_bin_pnmcolormap:16915	-1
zzuf_testcases/_usr_bin_pgrep:64354	-1
zzuf_testcases/_usr_bin_scriptreplay:13041	-1
zzuf_testcases/_usr_bin_gcc-4.8:9057	-1
zzuf_testcases/_usr_bin_pgmslice:46780	-1
zzuf_testcases/_usr_bin_ld.gold:56187	-1
zzuf_testcases/_usr_bin_gcc-4.8:8154	-1
zzuf_testcases/_usr_bin_make:51916	-1
zzuf_testcases/_usr_bin_sha256sum:859	-1
zzuf_testcases/_usr_bin_localedef:28861	-1
zzuf_testcases/_usr_bin_grub-glue-efi:7784	-1
zzuf_testcases/_usr_bin_wget:21288	-1
zzuf_testcases/_usr_bin_ld.gold:56219	-1
zzuf_testcases/_usr_bin_gpgsplit:18792	-1
zzuf_testcases/_usr_bin_gvpr:34337	-1
zzuf_testcases/_usr_bin_ld.gold:56653	-1
zzuf_testcases/_usr_bin_make:52438	-1
zzuf_testcases/_usr_bin_sha224sum:9436	-1
zzuf_testcases/_usr_bin_nl:15187	-1
zzuf_testcases/_usr_bin_tic:31137	-1
zzuf_testcases/_usr_bin_shred:4530	-1
zzuf_testcases/_usr_bin_head:46196	-1
zzuf_testcases/_usr_bin_dot:54999	-1
zzuf_testcases/_usr_bin_sccmap:49329	-1
zzuf_testcases/_usr_bin_ld.gold:56436	-1
zzuf_testcases/_usr_bin_pdftotext:1490	-1
zzuf_testcases/_usr_bin_wget:21329	-1
zzuf_testcases/_usr_bin_column:30558	-1
zzuf_testcases/_usr_bin_nsupdate:16258	-1
zzuf_testcases/_usr_bin_strings:40529	-1
zzuf_testcases/_usr_bin_tic:31202	-1
zzuf_testcases/_usr_bin_pdftotext:1333	-1
zzuf_testcases/_usr_bin_wget:21442	-1
zzuf_testcases/_usr_bin_pgmslice:47059	-1
zzuf_testcases/_usr_bin_gcc-4.8:8925	-1
zzuf_testcases/_usr_bin_wget:21295	-1
zzuf_testcases/_usr_bin_gcc-4.8:8945	-1
zzuf_testcases/_usr_bin_gcc-4.8:8836	-1
zzuf_testcases/_usr_bin_tic:30852	-1
zzuf_testcases/_usr_bin_tee:5551	-1
zzuf_testcases/_usr_bin_tic:31511	-1
zzuf_testcases/_usr_bin_du:11325	-1
zzuf_testcases/_usr_bin_localedef:29186	-1
zzuf_testcases/_usr_bin_unexpand:25770	-1
zzuf_testcases/_usr_bin_pdffonts:65146	-1
zzuf_testcases/_usr_bin_unexpand:25698	-1
zzuf_testcases/_usr_bin_lexgrog:54348	-1
zzuf_testcases/_usr_bin_dpkg-deb:47489	-1
zzuf_testcases/_usr_bin_fc-validate:63243	-1
zzuf_testcases/_usr_bin_pdfimages:37272	-1
zzuf_testcases/_usr_bin_grub-glue-efi:7432	-1
zzuf_testcases/_usr_bin_gcc-4.8:8388	-1
zzuf_testcases/_usr_bin_codepage:41483	-1
zzuf_testcases/_usr_bin_gcc-4.8:9013	-1
zzuf_testcases/_usr_bin_column:30560	-1
zzuf_testcases/_usr_bin_localedef:28704	-1
zzuf_testcases/_usr_bin_grub-mount:53823	-1
zzuf_testcases/_usr_bin_pdffonts:64789	-1
zzuf_testcases/_usr_bin_ld.gold:55976	-1
zzuf_testcases/_usr_bin_make:52478	-1
zzuf_testcases/_usr_bin_metaflac:24923	-1
zzuf_testcases/_usr_bin_make:52046	-1
zzuf_testcases/_usr_bin_dpkg-deb:47343	-1
zzuf_testcases/_usr_bin_sha256sum:297	-1
zzuf_testcases/_usr_bin_tic:31498	-1
zzuf_testcases/_usr_bin_vmtoolsd:58612	-1
zzuf_testcases/_usr_bin_dot:55617	-1
zzuf_testcases/_usr_bin_gcc-4.8:8408	-1
zzuf_testcases/_usr_bin_gpgsplit:18888	-1
zzuf_testcases/_usr_bin_gcc-4.8:8517	-1
zzuf_testcases/_usr_bin_tic:30692	-1
zzuf_testcases/_usr_bin_scriptreplay:13298	-1
zzuf_testcases/_usr_bin_tic:31557	-1
zzuf_testcases/_usr_bin_uniq:20055	-1
zzuf_testcases/_usr_bin_yuvcorrect_tune:36598	-1
zzuf_testcases/_usr_bin_dijkstra:50263	-1
zzuf_testcases/_usr_bin_ruby1.9.1:2791	-1
zzuf_testcases/_usr_bin_tic:31598	-1
zzuf_testcases/_usr_bin_dircolors:43699	-1
zzuf_testcases/_usr_bin_sha224sum:9647	-1
zzuf_testcases/_usr_bin_pnmcolormap:17344	-1
zzuf_testcases/_usr_bin_pbmreduce:44194	-1
zzuf_testcases/_usr_bin_gcc-4.8:8386	-1
zzuf_testcases/_usr_bin_ruby1.9.1:2790	-1
zzuf_testcases/_usr_bin_dot:55278	-1
zzuf_testcases/_usr_bin_ld.gold:55909	-1
zzuf_testcases/_usr_bin_dircolors:43974	-1
zzuf_testcases/_usr_bin_du:11185	-1
zzuf_testcases/_usr_bin_localedef:28758	-1
zzuf_testcases/_usr_bin_sccmap:50127	-1
zzuf_testcases/_usr_bin_grub-mklayout:27030	-1
zzuf_testcases/_usr_bin_shred:4662	-1
zzuf_testcases/_usr_bin_gpgsplit:18767	-1
zzuf_testcases/_usr_bin_gcc-4.8:9036	-1
zzuf_testcases/_usr_bin_file:27601	-1
zzuf_testcases/_usr_bin_dircolors:43383	-1
zzuf_testcases/_usr_bin_tic:30750	-1
zzuf_testcases/_usr_bin_tic:31248	-1
zzuf_testcases/_usr_bin_cpp-4.8:52848	-1
zzuf_testcases/_usr_bin_pg:46220	-1
zzuf_testcases/_usr_bin_strings:40181	-1
zzuf_testcases/_usr_bin_dijkstra:50409	-1
zzuf_testcases/_usr_bin_apt-mark:10479	-1
zzuf_testcases/_usr_bin_sccmap:49709	-1
zzuf_testcases/_usr_bin_make:52229	-1
zzuf_testcases/_usr_bin_uniq:20188	-1
zzuf_testcases/_usr_bin_grub-file:59503	-1
zzuf_testcases/_usr_bin_apt-mark:10161	-1
zzuf_testcases/_usr_bin_codepage:40842	-1
zzuf_testcases/_usr_bin_grub-mklayout:26609	-1
zzuf_testcases/_usr_bin_make:51849	-1
zzuf_testcases/_usr_bin_dot:55546	-1
zzuf_testcases/_usr_bin_expand:23174	-1
zzuf_testcases/_usr_bin_make:51565	-1
zzuf_testcases/_usr_bin_tic:30964	-1
zzuf_testcases/_usr_bin_cpp-4.8:52795	-1
zzuf_testcases/_usr_bin_expand:22428	-1
zzuf_testcases/_usr_bin_apt-sortpkgs:23677	-1
zzuf_testcases/_usr_bin_ginstall-info:30268	-1
zzuf_testcases/_usr_bin_apt-sortpkgs:23533	-1
zzuf_testcases/_usr_bin_du:11321	-1
zzuf_testcases/_usr_bin_gpgsplit:18910	-1
zzuf_testcases/_usr_bin_localedef:29144	-1
zzuf_testcases/_usr_bin_dwp:60635	-1
zzuf_testcases/_usr_bin_apt-mark:10387	-1
zzuf_testcases/_usr_bin_partx:48724	-1
zzuf_testcases/_usr_bin_ld.gold:56427	-1
zzuf_testcases/_usr_bin_cpp-4.8:52688	-1
zzuf_testcases/_usr_bin_gcc-4.8:8609	-1
zzuf_testcases/_usr_bin_gvpr:34668	-1
zzuf_testcases/_usr_bin_pgmslice:47064	-1
zzuf_testcases/_usr_bin_gpgsplit:18592	-1
zzuf_testcases/_usr_bin_expand:22935	-1
zzuf_testcases/_usr_bin_localedef:28290	-1
zzuf_testcases/_usr_bin_localedef:28562	-1
zzuf_testcases/_usr_bin_uniq:19850	-1
zzuf_testcases/_usr_bin_ld.gold:56441	-1
zzuf_testcases/_usr_bin_localedef:28617	-1
zzuf_testcases/_usr_bin_pngtopnm:45183	-1
zzuf_testcases/_usr_bin_sha256sum:182	-1
zzuf_testcases/_usr_bin_tee:6032	-1
zzuf_testcases/_usr_bin_gcc-4.8:8763	-1
zzuf_testcases/_usr_bin_grub-file:59625	-1
zzuf_testcases/_usr_bin_gcc-4.8:8523	-1
zzuf_testcases/_usr_bin_pnmcolormap:17573	-1
zzuf_testcases/_usr_bin_make:52108	-1
zzuf_testcases/_usr_bin_sccmap:49992	-1
zzuf_testcases/_usr_bin_ld.gold:56054	-1
zzuf_testcases/_usr_bin_pbmreduce:44717	-1
zzuf_testcases/_usr_bin_vmtoolsd:58055	-1
zzuf_testcases/_usr_bin_make:51818	-1
zzuf_testcases/_usr_bin_shred:4984	-1
zzuf_testcases/_usr_bin_gcc-4.8:8366	-1
zzuf_testcases/_usr_bin_tic:30778	-1
zzuf_testcases/_usr_bin_column:30568	-1
zzuf_testcases/_usr_bin_grub-file:59193	-1
zzuf_testcases/_usr_bin_md5sum:12385	-1
zzuf_testcases/_usr_bin_ld.gold:55911	-1
zzuf_testcases/_usr_bin_localedef:28485	-1
zzuf_testcases/_usr_bin_grub-mount:53779	-1
zzuf_testcases/_usr_bin_grub-mount:53495	-1
zzuf_testcases/_usr_bin_localedef:29113	-1
zzuf_testcases/_usr_bin_localedef:28793	-1
zzuf_testcases/_usr_bin_dijkstra:50590	-1
zzuf_testcases/_usr_bin_gcc-4.8:8519	-1
zzuf_testcases/_usr_bin_grub-mount:53728	-1
zzuf_testcases/_usr_bin_localedef:28948	-1
zzuf_testcases/_usr_bin_gcc-4.8:8240	-1
zzuf_testcases/_usr_bin_dircolors:43803	-1
zzuf_testcases/_usr_bin_oggenc:62205	-1
zzuf_testcases/_usr_bin_gpgsplit:18875	-1
zzuf_testcases/_usr_bin_pbmtomda:32613	-1
zzuf_testcases/_usr_bin_wget:21512	-1
zzuf_testcases/_usr_bin_pg:46249	-1
zzuf_testcases/_usr_bin_tic:31521	-1
zzuf_testcases/_usr_bin_gcc-4.8:8776	-1
zzuf_testcases/_usr_bin_codepage:41302	-1
zzuf_testcases/_usr_bin_grub-file:59641	-1
zzuf_testcases/_usr_bin_scriptreplay:13246	-1
zzuf_testcases/_usr_bin_gcc-4.8:8424	-1
zzuf_testcases/_usr_bin_pgmslice:47204	-1
zzuf_testcases/_usr_bin_grub-mklayout:26784	-1
zzuf_testcases/_usr_bin_tee:5800	-1
zzuf_testcases/_usr_bin_expand:22920	-1
zzuf_testcases/_usr_bin_tic:30847	-1
zzuf_testcases/_usr_bin_tic:31584	-1
zzuf_testcases/_usr_bin_tic:30975	-1
zzuf_testcases/_usr_bin_dijkstra:50927	-1
zzuf_testcases/_usr_bin_lav2yuv:39444	-1
zzuf_testcases/_usr_bin_sccmap:49424	-1
zzuf_testcases/_usr_bin_gcc-4.8:8147	-1
zzuf_testcases/_usr_bin_gvpr:34807	-1
zzuf_testcases/_usr_bin_pdfinfo:7088	-1
zzuf_testcases/_usr_bin_tic:31514	-1
zzuf_testcases/_usr_bin_grub-file:59636	-1
zzuf_testcases/_usr_bin_head:45337	-1
zzuf_testcases/_usr_bin_file:28166	-1
zzuf_testcases/_usr_bin_gcc-4.8:8335	-1
zzuf_testcases/_usr_bin_ld.gold:56457	-1
zzuf_testcases/_usr_bin_vmtoolsd:58365	-1
zzuf_testcases/_usr_bin_grub-file:58964	-1
zzuf_testcases/_usr_bin_shred:4604	-1
zzuf_testcases/_usr_bin_grotty:16732	-1
zzuf_testcases/_usr_bin_pdffonts:64709	-1
zzuf_testcases/_usr_bin_metaflac:24665	-1
zzuf_testcases/_usr_bin_grub-file:59579	-1
zzuf_testcases/_usr_bin_gcc-4.8:8622	-1
zzuf_testcases/_usr_bin_pnmcolormap:17466	-1
zzuf_testcases/_usr_bin_lav2yuv:38942	-1
zzuf_testcases/_usr_bin_pnmcolormap:17262	-1
zzuf_testcases/_usr_bin_pbmtomda:33141	-1
zzuf_testcases/_usr_bin_ld.gold:56080	-1
zzuf_testcases/_usr_bin_make:51835	-1
zzuf_testcases/_usr_bin_pdfinfo:6517	-1
zzuf_testcases/_usr_bin_make:51606	-1
zzuf_testcases/_usr_bin_grub-file:59118	-1
zzuf_testcases/_usr_bin_oggenc:62694	-1
zzuf_testcases/_usr_bin_oggenc:62649	-1
zzuf_testcases/_usr_bin_pdftotext:1742	-1
zzuf_testcases/_usr_bin_unexpand:25330	-1
zzuf_testcases/_usr_bin_localedef:29049	-1
zzuf_testcases/_usr_bin_dircolors:43565	-1
zzuf_testcases/_usr_bin_cpp-4.8:52811	-1
zzuf_testcases/_usr_bin_pdffonts:64489	-1
zzuf_testcases/_usr_bin_dpkg-statoverride:18252	-1
zzuf_testcases/_usr_bin_cpp-4.8:52693	-1
zzuf_testcases/_usr_bin_vmtoolsd:58016	-1
zzuf_testcases/_usr_bin_gpgsplit:18725	-1
zzuf_testcases/_usr_bin_gcc-4.8:8996	-1
zzuf_testcases/_usr_bin_cpp-4.8:52710	-1
zzuf_testcases/_usr_bin_make:51524	-1
zzuf_testcases/_usr_bin_expand:22489	-1
zzuf_testcases/_usr_bin_sccmap:49728	-1
zzuf_testcases/_usr_bin_tic:31583	-1
zzuf_testcases/_usr_bin_pbmtomda:33042	-1
zzuf_testcases/_usr_bin_tee:5763	-1
zzuf_testcases/_usr_bin_tic:30963	-1
zzuf_testcases/_usr_bin_tic:31387	-1
zzuf_testcases/_usr_bin_gpgsplit:19097	-1
zzuf_testcases/_usr_bin_column:30555	-1
zzuf_testcases/_usr_bin_pbmreduce:44745	-1
zzuf_testcases/_usr_bin_uniq:19569	-1
zzuf_testcases/_usr_bin_expand:22614	-1
zzuf_testcases/_usr_bin_dpkg:30439	-1
zzuf_testcases/_usr_bin_pmap:34174	-1
zzuf_testcases/_usr_bin_pdfinfo:6424	-1
zzuf_testcases/_usr_bin_head:45821	-1
zzuf_testcases/_usr_bin_strings:40129	-1
zzuf_testcases/_usr_bin_du:11003	-1
zzuf_testcases/_usr_bin_expand:22945	-1
zzuf_testcases/_usr_bin_gvmap:36146	-1
zzuf_testcases/_usr_bin_dot:55478	-1
zzuf_testcases/_usr_bin_dwp:60713	-1
zzuf_testcases/_usr_bin_dot:55332	-1
zzuf_testcases/_usr_bin_ld.gold:55941	-1
zzuf_testcases/_usr_bin_vmtoolsd:58494	-1
zzuf_testcases/_usr_bin_cpp-4.8:52807	-1
zzuf_testcases/_usr_bin_pdfinfo:6954	-1
zzuf_testcases/_usr_bin_gpgsplit:19239	-1
zzuf_testcases/_usr_bin_ld.gold:56316	-1
zzuf_testcases/_usr_bin_grub-file:59799	-1
zzuf_testcases/_usr_bin_metaflac:24788	-1
zzuf_testcases/_usr_bin_tic:31575	-1
zzuf_testcases/_usr_bin_gpgsplit:18914	-1
zzuf_testcases/_usr_bin_palmtopnm:28192	-1
zzuf_testcases/_usr_bin_tic:30711	-1
zzuf_testcases/_usr_bin_gpgsplit:18968	-1
zzuf_testcases/_usr_bin_gvgen:37854	-1
zzuf_testcases/_usr_bin_gpgsplit:18781	-1
zzuf_testcases/_usr_bin_make:51939	-1
zzuf_testcases/_usr_bin_gawk:5185	-1
zzuf_testcases/_usr_bin_pbmtomda:32890	-1
zzuf_testcases/_usr_bin_vmtoolsd:58273	-1
zzuf_testcases/_usr_bin_gpgsplit:18811	-1
zzuf_testcases/_usr_bin_make:51901	-1
zzuf_testcases/_usr_bin_ld.gold:56645	-1
zzuf_testcases/_usr_bin_strings:40303	-1
zzuf_testcases/_usr_bin_gvpr:34742	-1
zzuf_testcases/_usr_bin_sha224sum:9921	-1
zzuf_testcases/_usr_bin_gvmap:35341	-1
zzuf_testcases/_usr_bin_make:52091	-1
zzuf_testcases/_usr_bin_tic:31392	-1
zzuf_testcases/_usr_bin_tic:31322	-1
zzuf_testcases/_usr_bin_gpgsplit:18723	-1
zzuf_testcases/_usr_bin_localedef:28737	-1
zzuf_testcases/_usr_bin_dot:55598	-1
zzuf_testcases/_usr_bin_md5sum:12138	-1
zzuf_testcases/_usr_bin_apt-get:34015	-1
zzuf_testcases/_usr_bin_cpp-4.8:52751	-1
zzuf_testcases/_usr_bin_uniq:19452	-1
zzuf_testcases/_usr_bin_gv2gml:13815	-1
zzuf_testcases/_usr_bin_localedef:28600	-1
zzuf_testcases/_usr_bin_fc-cat:42267	-1
zzuf_testcases/_usr_bin_localedef:28622	-1
zzuf_testcases/_usr_bin_gv2gml:13802	-1
zzuf_testcases/_usr_bin_oggenc:62592	-1
zzuf_testcases/_usr_bin_ld.gold:56398	-1
zzuf_testcases/_usr_bin_gvmap:35708	-1
zzuf_testcases/_usr_bin_ld.gold:56344	-1
zzuf_testcases/_usr_bin_dpkg-deb:48268	-1
zzuf_testcases/_usr_bin_lexgrog:54443	-1
zzuf_testcases/_usr_bin_gpgsplit:18750	-1
zzuf_testcases/_usr_bin_sha224sum:10039	-1
zzuf_testcases/_usr_bin_ld.gold:56678	-1
zzuf_testcases/_usr_bin_nl:15639	-1
zzuf_testcases/_usr_bin_gvpr:35049	-1
zzuf_testcases/_usr_bin_expand:22493	-1
zzuf_testcases/_usr_bin_fc-validate:63764	-1
zzuf_testcases/_usr_bin_wget:21515	-1
zzuf_testcases/_usr_bin_gvpr:35230	-1
zzuf_testcases/_usr_bin_gcc-4.8:8341	-1
zzuf_testcases/_usr_bin_localedef:28953	-1
zzuf_testcases/_usr_bin_nl:15674	-1
zzuf_testcases/_usr_bin_grub-mount:53498	-1
zzuf_testcases/_usr_bin_column:30545	-1
zzuf_testcases/_usr_bin_apt-get:33922	-1
zzuf_testcases/_usr_bin_gcc-4.8:8305	-1
zzuf_testcases/_usr_bin_tic:31609	-1
zzuf_testcases/_usr_bin_grub-file:59242	-1
zzuf_testcases/_usr_bin_tic:31018	-1
zzuf_testcases/_usr_bin_gvmap:35423	-1
zzuf_testcases/_usr_bin_head:46146	-1
zzuf_testcases/_usr_bin_nl:15468	-1
zzuf_testcases/_usr_bin_tic:31396	-1
zzuf_testcases/_usr_bin_scriptreplay:12530	-1
zzuf_testcases/_usr_bin_head:45719	-1
zzuf_testcases/_usr_bin_wget:21552	-1
zzuf_testcases/_usr_bin_grub-mklayout:26798	-1
zzuf_testcases/_usr_bin_tic:31379	-1
zzuf_testcases/_usr_bin_dpkg-query:25946	-1
zzuf_testcases/_usr_bin_ruby1.9.1:2769	-1
zzuf_testcases/_usr_bin_tic:30822	-1
zzuf_testcases/_usr_bin_nl:14734	-1
zzuf_testcases/_usr_bin_tee:5794	-1
zzuf_testcases/_usr_bin_gcc-4.8:8651	-1
zzuf_testcases/_usr_bin_oggenc:62776	-1
zzuf_testcases/_usr_bin_md5sum:11606	-1
zzuf_testcases/_usr_bin_ppmhist:1045	-1
zzuf_testcases/_usr_bin_localedef:29081	-1
zzuf_testcases/_usr_bin_gcc-4.8:8690	-1
zzuf_testcases/_usr_bin_localedef:29084	-1
zzuf_testcases/_usr_bin_pbmreduce:44618	-1
zzuf_testcases/_usr_bin_pngtopnm:45148	-1
zzuf_testcases/_usr_bin_tic:31534	-1
zzuf_testcases/_usr_bin_sha256sum:903	-1
zzuf_testcases/_usr_bin_apt-get:33919	-1
zzuf_testcases/_usr_bin_ld.gold:55958	-1
zzuf_testcases/_usr_bin_pbmreduce:44580	-1
zzuf_testcases/_usr_bin_sha224sum:9474	-1
zzuf_testcases/_usr_bin_gcc-4.8:8245	-1
zzuf_testcases/_usr_bin_expand:22953	-1
zzuf_testcases/_usr_bin_install:43068	-1
zzuf_testcases/_usr_bin_du:11379	-1
zzuf_testcases/_usr_bin_make:52047	-1
zzuf_testcases/_usr_bin_shred:4789	-1
zzuf_testcases/_usr_bin_gcc-4.8:8570	-1
zzuf_testcases/_usr_bin_scriptreplay:12814	-1
zzuf_testcases/_usr_bin_localedef:28712	-1
zzuf_testcases/_usr_bin_tic:30812	-1
zzuf_testcases/_usr_bin_cpp-4.8:52791	-1
zzuf_testcases/_usr_bin_gcc-4.8:8917	-1
zzuf_testcases/_usr_bin_grub-file:59711	-1
zzuf_testcases/_usr_bin_sort:20999	-1
zzuf_testcases/_usr_bin_grub-file:59452	-1
zzuf_testcases/_usr_bin_gcc-4.8:9110	-1
zzuf_testcases/_usr_bin_gvpr:34725	-1
zzuf_testcases/_usr_bin_cpp-4.8:52826	-1
zzuf_testcases/_usr_bin_gvmap:35968	-1
zzuf_testcases/_usr_bin_apt-get:33810	-1
zzuf_testcases/_usr_bin_apt-get:33965	-1
zzuf_testcases/_usr_bin_tic:30947	-1
zzuf_testcases/_usr_bin_pdffonts:64793	-1
zzuf_testcases/_usr_bin_pdfimages:37327	-1
zzuf_testcases/_usr_bin_shred:4199	-1
zzuf_testcases/_usr_bin_ruby1.9.1:2949	-1
zzuf_testcases/_usr_bin_lzmainfo:56861	-1
zzuf_testcases/_usr_bin_oggenc:61959	-1
zzuf_testcases/_usr_bin_gcc-4.8:8468	-1
zzuf_testcases/_usr_bin_ld.gold:55860	-1
zzuf_testcases/_usr_bin_scriptreplay:13016	-1
zzuf_testcases/_usr_bin_wget:21584	-1
zzuf_testcases/_usr_bin_ld.gold:55940	-1
zzuf_testcases/_usr_bin_dircolors:43186	-1
zzuf_testcases/_usr_bin_install:42974	-1
zzuf_testcases/_usr_bin_pgmslice:46600	-1
zzuf_testcases/_usr_bin_tic:31348	-1
zzuf_testcases/_usr_bin_ld.gold:56524	-1
zzuf_testcases/_usr_bin_gvpr:35116	-1
zzuf_testcases/_usr_bin_uniq:19713	-1
zzuf_testcases/_usr_bin_du:10570	-1
zzuf_testcases/_usr_bin_localedef:28553	-1
zzuf_testcases/_usr_bin_dpkg-query:26097	-1
zzuf_testcases/_usr_bin_gcc-4.8:8817	-1
zzuf_testcases/_usr_bin_pbmreduce:44124	-1
zzuf_testcases/_usr_bin_make:51770	-1
zzuf_testcases/_usr_bin_gcc-4.8:8856	-1
zzuf_testcases/_usr_bin_yuvcorrect_tune:36389	-1
zzuf_testcases/_usr_bin_nl:15523	-1
zzuf_testcases/_usr_bin_strings:40656	-1
zzuf_testcases/_usr_bin_grub-file:59483	-1
zzuf_testcases/_usr_bin_tic:30748	-1
zzuf_testcases/_usr_bin_oggenc:62804	-1
zzuf_testcases/_usr_bin_gcc-4.8:8539	-1
